sala,temperatura,humedad,co2
Sala_1,22.083076923076923,50.00512820512821,766.5692307692308
Sala_2,21.834848484848486,49.852020202020206,778.989898989899
Sala_3,21.938541666666666,50.06302083333333,772.4270833333334
Sala_4,22.176958525345622,50.07188940092166,828.3225806451613
Sala_5,21.793939393939393,49.13383838383838,795.060606060606
